Group,Link,Available,AvailableLabel
54bb47h (Victims page),http://54bb47h5qu4k7l4d7v5ix3i6ak6elysn3net4by4ihmvrhu7cvbskoqd.onion,False,False
54bb47h,http://54bb47h.blog,True,False
54bb47h,http://54bb47h5qu4k7l4d7v5ix3i6ak6elysn3net4by4ihmvrhu7cvbskoqd.onion/blog,False,False
0mega (Dark),http://omegalock5zxwbhswbisc42o2q2i54vdulyvtqqbudqousisjgc7j7yd.onion,True,True
0mega (Deep),https://0mega.cc,True,False
54bb47h,http://54bb47h.blog,True,False
3AM,http://threeamkelxicjsaf2czjyz2lc4q3ngqkxhhlexyfcp2o6raw4rphyad.onion,False,True
54bb47h (Victims page),http://54bb47h5qu4k7l4d7v5ix3i6ak6elysn3net4by4ihmvrhu7cvbskoqd.onion,False,False
8BASE,http://92.118.36.204,False,True
8BASE,http://xb6q2aggycmlcrjtbjendcnnwpmmwbosqaugxsqb4nx6cmod3emy7sad.onion,False,True
8BASE,http://xfycpauc22t5jsmfjcaz2oydrrrfy75zuk6chr32664bsscq4fgyaaqd.onion,False,True
Abrahams Ax (Dark),http://abrahamm32umasogaqojib3ey2w2nwoafffrguq43tsyke4s3fz3w4yd.onion,False,True
Abrahams Ax (Deep),https://abrahams-ax.se,True,True
ABYSS,http://3ev4metjirohtdpshsqlkrqcmxq6zu3d7obrdhglpy5jpbr7whmlfgqd.onion,True,True
AgainstTheWest,http://giphvoitymatg4cv7bxqh5dz6sn6bfscywoat4qtslztkomf5lavrayd.onion,False,False
Akira,https://akiral2iz6a7qgd3ayp3l6yub7xx2uep76idk3u2kollpj5z3z636bad.onion,False,True
Akira (Victims request ID page),https://akiralkzxzq2dsrzsrvbr2xgbbu2wgsmxryd4csgfameg52n7efvr2id.onion/,False,True
AKO,http://kwvhrdibgmmpkhkidrby4mccwqpds5za6uo2thcw5gz75qncv7rbhyad.onion,False,False
ALPHV (aka BlackCat 1),http://2cuqgeerjdba2rhdiviezodpu3lc4qz2sjf4qin6f7std2evleqlzjid.onion,False,False
ALPHV (aka BlackCat 2),http://alphvmmm27o3abo3r2mlmjrpdmzle3rykajqc5xsj7j7ejksbpsa36ad.onion,False,False
ALPHV (aka BlackCat 2),http://alphvuzxyxv6ylumd2ngp46xzq3pw6zflomrghvxeuks6kklberrbmyd.onion,False,True
ALPHV (collection data leaks),http://vqifktlreqpudvulhbzmc5gocbeawl67uvs2pttswemdorbnhaddohyd.onion,False,True
Apos Security,https://apos.blog,False,True
Apos Security,http://yrz6bayqwhleymbeviter7ejccxm64sv2ppgqgderzgdhutozcbbhpqd.onion,True,True
APT73 (ERALEIG - Dark),http://apt73grpjgjwykrenq7vnjejue76vosdzptdvmonv7vyqnsyokrw57ad.onion/,False,True
APT73 (ERALEIG - Dark),http://wn6vonooq6fggjdgyocp7bioykmfjket7sbp47cwhgubvowwd7ws5pyd.onion,False,True
APT73 (ERALEIG - Deep),http://eraleignews.com,False,False
APT73 (BASHEE),http://basheqtvzqwz4vp6ks5lm2ocq7i6tozqgf6vjcasj4ezmsy4bkpshhyd.onion,True,True
APT73 (BASHEE),http://basherq53eniermxovo3bkduw5qqq5bkqcml3qictfmamgvmzovykyqd.onion,True,True
APT73 (BASHEE),http://basherykagbxoaiaxkgqhmhd5gbmedwb3di4ig3ouovziagosv4n77qd.onion,True,True
APT73 (BASHEE),http://bashete63b3gcijfofpw6fmn3rwnmyi5aclp55n6awcfbexivexbhyad.onion,True,True
APT73 (BASHEE),http://bashex7mokreyoxl6wlswxl4foi7okgs7or7aergnuiockuoq35yt3ad.onion,True,True
ARCUS MEDIA,https://arcuufpr5xxbbkin4mlidt7itmr6znlppk63jbtkeguuhszmc5g7qdyd.onion,False,True
ARGONAUTS,http://jbmk7h6xlkedn2gg5yi76zca6y3jgdlp5wchlsrd7735tlnrmmvqe5ad.onion,True,True
ARVIN,http://3kp6j22pz3zkv76yutctosa6djpj4yib2icvdqxucdaxxedumhqicpad.onion,False,False
ARVIN,http://xxz6hl6wwoa25er62tbjdxda4nxyt5iqziavb73mhda6q6zujsgfoxqd.onion,False,False
ARVIN,http://arvinc7prj6ln5wpd6yydfqulsyepoc7aowngpznbn3lrap2aib6teid.onion,False,True
ASTROTEAM,http://anewset3pcya3xvk73hj7yunuamutxxsm5sohkdi32blhmql55tvgqad.onion,False,False
ATOMSILO,http://mhdehvkomeabau7gsetnsrhkfign4jgnx3wajth5yb5h6kvzbd72wlqd.onion,False,False
ATOMSILO,http://l5cjga2ksw6rxumu5l4xxn3cmahhi2irkbwg3amx6ajroyfmfgpfllid.onion,False,False
AVADDON,http://avaddongun7rngel.onion,False,False
AVOS,http://avosqxh72b5ia23dl5fgwcpndkctuzqvh2iefk5imp3pi5gfhel5klad.onion,False,True
AVOS (Victims request ID page),http://avosjon4pfh3y7ew3jdwz6ofw7lljcxlbk7hcxxmnxlh5kvf2akcqjad.onion,False,True
BABUK (Old),http://wavbeudogz6byhnardd2lkp2jafims3j7tj6k6qnywchn2csngvtffqd.onion,False,False
BABUK,http://nq4zyac4ukl4tykmidbzgdlvaboqeqsemkp4t35bzvjeve6zm2lqcjid.onion,False,True
BABYDUCK (Victims request ID page),http://babydovegkmhbontykziyq7qivwzy33mu4ukqefe4mqpiiwd3wibnjqd.onion,False,False
BASHE,http://basheqtvzqwz4vp6ks5lm2ocq7i6tozqgf6vjcasj4ezmsy4bkpshhyd.onion,True,True
BIANLIAN,http://bianliaoxoeriowgqohcly4a6sbkpc3se2yvxgidxomxlpuhx5ehrpad.onion,False,True
BIANLIAN,http://bianlianlbc5an4kgnay3opdemgcryg2kpfcbgczopmm3dnbz3uaunad.onion,True,True
BIANLIAN,http://bianlivemqbawcco4cx4a672k2fip3guyxudzurfqvdszafam3ofqgqd.onion,True,True
BIANLIAN (I2P mirror),http://epovhlzpj3grgld7vxr2mnk33dz5rdb4kdcp44f5r527rvhwhxna.b32.i2p,False,True
BIT/LOLKEK/GLOBEIMPOSTER (Support page),http://mmeeiix2ejdwkmseycljetmpiwebdvgjts75c63camjofn2cjdoulzqd.onion,False,False
BIT/LOLKEK/GLOBEIMPOSTER (SMTP Server),http://nclen75pwlgebpxpsqhlcnxsmdvpyrr7ogz36ehhatfmkvakeyden6ad.onion,False,False
BIT/LOLKEK/GLOBEIMPOSTER (Support page),http://obzuqvr5424kkc4unbq2p2i67ny3zngce3tbdr37nicjqesgqcgomfqd.onion,False,False
BIT/LOLKEK/GLOBEIMPOSTER (Support page),mmcbkgua72og66w4jz3qcxkkhefax754pg6iknmtfujvkt2j65ffraad[.]onion,False,True
BLACKBASTA,http://stniiomyjliimcgkvdszvgen3eaaoz55hreqqx6o77yvmpwt7gklffqd.onion,True,True
BLACKBASTA,https://bastad5huzwkepdixedg2gekg7jk22ato24zyllp6lnjx7wdtyctgvyd.onion,False,False
BLACKBASTA (Victims request ID Page),https://aazsbsgya565vlu2c6bzy6yfiebkcbtvvcytvolt33s77xypi7nypxyd.onion,False,True
BLACKBYTE,http://ce6roic2ykdjunyzazsxmjpz5wsar4pflpoqzntyww5c2eskcp7dq4yd.onion,False,False
BLACKBYTE (1),http://6iaj3efye3q62xjgfxyegrufhewxew7yt4scxjd45tlfafyja6q4ctqd.onion,False,False
BLACKBYTE (2),http://f5uzduboq4fa2xkjloprmctk7ve3dm46ff7aniis66cbekakvksxgeqd.onion,False,False
BLACKBYTE (3),http://dlyo7r3n4qy5fzv4645nddjwarj7wjdd6wzckomcyc7akskkxp4glcad.onion,False,False
BLACKBYTE (4),http://fl3xpz5bmgzxy4fmebhgsbycgnz24uosp3u4g33oiln627qq3gyw37ad.onion,False,False
BLACKBYTE (5),http://jbeg2dct2zhku6c2vwnpxtm2psnjo2xnqvvpoiiwr5hxnc6wrp3uhnad.onion,False,True
BLACKBYTE (6),http://53d5skw4ypzku4bfq2tk2mr3xh5yqrzss25sooiubmjz67lb3gdivcad.onion,True,True
BLACKMATTER,http://blackmax7su6mbwtcyo3xwtpfxpm356jjqrs34y4crcytpw7mifuedyd.onion,False,False
BLACKMATTER Support,http://supp24maprinktc7uizgfyqhisx7lkszb6ogh6lwdzpac23w3mh4tvyd.onion/EWX33VYY3IGOXSG5ZZ2,False,False
BLACKOUT,http://black3gnkizshuynieigw6ejgpblb53mpasftzd6pydqpmq2vn2xf6yd.onion,True,True
BLACK SHADOW (Deep),https://blackshadow.cc,False,False
BLACK SHADOW,http://544corkfh5hwhtn4.onion,False,False
BLACK SUIT,http://weg7sdx54bevnvulapqu6bpzwztryeflq3s23tegbmnhkbpqz637f2yd.onion,True,True
BLUE SKY (Victims request ID Page),http://ccpyeuptrlatb2piua4ukhnhi7lrxgerrcrj4p2b5uhbzqm2xgdjaqid.onion,False,True
Bl00dy Ransomware,,False,False
BLUEBOX,http://zu3wfrmrkl4ltqqnpt3owp3cwa33rqwod4gpe3ttb5o4vf2is2gzm6qd.onion,True,True
BONACI GROUP,http://bonacifryrxr4siz6ptvokuihdzmjzpveruklxumflz5thmkgauty2qd.onion,False,False
BRAIN CIPHER,http://vkvsgl7lhipjirmz6j5ubp3w3bwvxgcdbpi3fsbqngfynetqtw4w5hyd.onion,False,True
BRAIN CIPHER (Victims page),http://mybmtbgd7aprdnw2ekxht5qap5daam2wch25coqerrq2zdioanob34ad.onion,False,False
CACTUS,https://cactusbloguuodvqjmnzlwetjlpj6aggc6iocwhuupb47laukux7ckid.onion,False,True
CHEERS,http://rwiajgajdr4kzlnrj5zwebbukpcbrjhupjmk6gufxv6tg7myx34iocad.onion,False,False
CHILE LOCKER (Victim request ID Page),http://z6vidveub2ypo3d3x7omsmcxqwxkkmvn5y3paoufyd2tt4bfbkg33kid.onion/login,False,False
CHORT,http://hgxyonufefcglpekxma55fttev3lcfucrf7jvep2c3j6447cjroadead.onion,True,True
CICADA3301,http://cicadabv7vicyvgz5khl7v2x5yygcgow7ryy6yppwmxii4eoobdaztqd.onion,True,True
CIPHBIT,http://ciphbitqyg26jor7eeo6xieyq7reouctefrompp6ogvhqjba7uo4xdid.onion,False,True
CLOAK,http://cloak7jpvcb73rtx2ff7kaw2kholu7bdiivxpzbhlny4ybz75dpxckqd.onion,True,True
CLOP,http://santat7kpllt6iyvqbr7q4amdv6dzrh6paatvyrzl7ry3zm72zigf4ad.onion,True,True
CLOP (torrents),http://toznnag5o3ambca56s2yacteu7q7x2avrfherzmz4nmujrjuib4iusad.onion,False,True
CLOP (Old),http://ekbgzchl6x2ias37.onion,False,False
CONTI/RYUK (Dark),http://continewsnv5otx5kaoje7krkto2qbu3gtqef22mnr7eaxw3y6ncz3ad.onion,False,False
CONTI/RYUK (Deep),https://continews.click,False,False
COOMINGPROJECT (Tor v2),http://teo7aj5mfgzxyeme.onion,False,False
COOMINGPROJECT (Tor v3),http://z6mikrtphid5fmn52nbcbg25tj57sowlm3oc25g563yvsfmygkcxqbyd.onion,False,False
COOMINGPROJECT (Deep),http://coomingproject.com,True,False
CRIMSON WALRUS,http://ncpbxzcgdeprrbba7dgodmymdewy57yokkebuwhmuywiuz5kqjwepbad.onion,False,False
CROSSLOCK,http://crosslock5cwfljbw4v37zuzq4talxxhyavjm2lufmjwgbpfjdsh56yd.onion,False,False
CRYLOCK (Victims request ID Page),http://d57uremugxjrafyg.onion,False,False
CRYPTBB,http://crypuglupv3bsqnbt5ruu5lgwrwoaojscwhuoccbmbzmcidft5kiccqd.onion,False,True
CRYPTNET,http://blog6zw62uijolee7e6aqqnqaszs3ckr5iphzdzsazgrpvtqtjwqryid.onion,False,True
CRYPTNET (Victims request ID Page),http://cryptr3fmuv4di5uiczofjuypopr63x2gltlsvhur2ump4ebru2xd3yd.onion,False,True
CRYP70N1C0D3,http://7k4yyskpz3rxq5nyokf6ztbpywzbjtdfanweup3skctcxopmt7tq7eid.onion,True,False
CUBA (Old),http://cuba4mp6ximo2zlo.onion,False,False
CUBA,http://cuba4ikm4jakjgmkezytyawtdgr2xymvy6nvzgw5cglswg3si76icnqd.onion,False,True
CyphBit,http://ciphbitqyg26jor7eeo6xieyq7reouctefrompp6ogvhqjba7uo4xdid.onion,False,True
CYCLOPS,http://nt3rrzq5hcyznvdkpslvqbbc2jqecqrinhi5jtwoae2x7psqtcb6dcad.onion/blogs/79b2eb61-97e2-4a2e-81f8-1c1d45c3b59c,False,True
DAGON LOCKER (Victims request ID Page),http://dgnh6p5uq234zry7qx7bh73hj5ht3jqisgfet6s7j7uyas5i46xfdkyd.onion,False,False
DAIXIN,http://7ukmkdtyxdkdivtjad57klqnd3kdsmq6tp45rrsxqnu76zzv3jvitlqd.onion,True,True
DAN0N,http://2c7nd54guzi6xhjyqrj5kdkrq2ngm2u3e6oy4nfhn3wm3r54ul2utiqd.onion,False,True
DARK ANGELS,https://wemo2ysyeq6km2nqhcrz63dkdhez3j25yw2nvn7xba2z4h7v7gyrfgid.onion,False,False
DARK ANGELS,http://nsalewdnfclsowcal6kn5csm4ryqmfpijznxwictukhrgvz2vbmjjjyd.onion,True,True
DARKBIT01(Victims request ID Page),http://iw6v2p3cruy7tqfup3yl4dgt4pfibfa3ai4zgnu5df2q3hus3lm7c7ad.onion/support,False,False
DARKBIT01,http://iw6v2p3cruy7tqfup3yl4dgt4pfibfa3ai4zgnu5df2q3hus3lm7c7ad.onion,False,False
DARKRYPT,https://darkrypt.io,False,False
DARKPOWER,http://powerj7kmpzkdhjg4szvcxxgktgk36ezpjxvtosylrpey7svpmrjyuyd.onion/,False,False
DARKRACE,http://wkrlpub5k52rjigwxfm6m7ogid55kamgc5azxlq7zjgaopv33tgx2sqd.onion/,False,False
DARKSIDE,http://darksidc3iux462n6yunevoag52ntvwp6wulaz3zirkmh4cnz6hhj7id.onion,False,False
DARK VAULT (mirror 1),http://5vphklgizbimeq5l4yt274p533fgirhqnjhjuppcp2ibteavmro5fzad.onion,True,True
DARK VAULT (mirror 2),http://tx23pk4zw5qynq3tmfk2jz5zbel63p4nwvkheswze7r6gzxhzcbseyad.onion,True,True
DARK VAULT (blog),http://mdhby62yvvg6sd5jmx5gsyucs7ynb5j45lvvdh4dsymg43puitu7tfid.onion,True,True
DISPOSSESSOR (Dark),http://e27z5kd2rjsern2gpgukhcioysqlfquxgf7rxpvcwepxl4lfc736piyd.onion/,False,True
DISPOSSESSOR (Deep),https://radar.ltd/,True,True
DONEX,http://g3h3klsev3eiofxhykmtenmdpi67wzmaixredk5pjuttbx7okcfkftqd.onion,False,True
DONUT BLOG,http://sbc2zv2qnz5vubwtx3aobfpkeao6l4igjegm3xx7tk5suqhjkp5jxtqd.onion,True,True
DONUT DLS,https://doq32rjiuomfghm5a4lyf3lwwakt2774tkv4ppsos6ueo5mhx7662gid.onion,False,False
DONUT DLS (new),http://dk4mkfzqai6ure62oukzgtypedmwlfq57yj2fube7j5wsoi6tuia7nyd.onion,True,True
DOPPLE PAYMER,http://hpoo4dosa3x4ognfxpqcrjwnsigvslm7kv6hvmhh2yqczaxy3j6qnwad.onion,False,False
DOTADMIN,http://adminavf4cikzbv6mbbp7ujpwhygnn2t3egiz2pswldj32krrml42wyd.onion,False,False
DRAGON FORCE,http://z3wqggtxft7id3ibr7srivv5gjof5fwg76slewnzwwakjuf3nlhukdid.onion,True,True
DUNGHILL,http://p66slxmtum2ox4jpayco6ai3qfehd5urgrs4oximjzklxcol264driqd.onion,False,False
DUNGHILL,http://nsalewdnfclsowcal6kn5csm4ryqmfpijznxwictukhrgvz2vbmjjjyd.onion,True,True
ECH0RAIX,http://veqlxhq7ub5qze3qy56zx2cig2e6tzsgxdspkubwbayqije6oatma6id.onion,False,False
ENDURANCE,http://h44jyyfomcbnnw5dha7zgwgkvpzbzbdyx2onu4fxaa5smxrgbjgq7had.onion/,False,False
EGREGOR,https://egregornews.com,False,False
EL DORADO/BLACKLOCK,http://dataleakypypu7uwblm5kttv726l3iripago6p336xjnbstkjwrlnlid.onion,True,True
EMBARGO,http://embargobe3n5okxyzqphpmk3moinoap2snz5k6765mvtkk7hhi544jid.onion,True,True
ENTROPY,http://leaksv7sroztl377bbohzl42i3ddlfsxopcb6355zc7olzigedm5agad.onion,False,False
EP918,http://dg5fyig37abmivryrxlordrczn6d6r5wzcfe2msuo5mbbu2exnu46fid.onion,False,False
EVEREST,http://ransomocmou6mnbquqz44ewosbkjk3o5qjsl3orawojexfook2j7esad.onion,True,True
EVILCORP,http://hpoo4dosa3x4ognfxpqcrjwnsigvslm7kv6hvmhh2yqczaxy3j6qnwad.onion,False,False
EXORCIST,http://7iulpt5i6whht6zo2r52f7vptxtjxs3vfcdxxazllikrtqpupn4epnqd.onion,False,False
FOG,http://xbkv2qey6u3gd3qxcojynrt4h5sgrhkar6whuo74wo63hijnn677jnyd.onion/,True,True
FREE CIVILIAN (Attacks Ukrainian Government Agencies),http://gcbejm2rcjftouqbxuhimj5oroouqcuxb2my4raxqa7efkz5bd5464id.onion,False,False
FSOCIETY,http://flock4cvoeqm4c62gyohvmncx6ck2e7ugvyqgyxqtrumklhd5ptwzpqd.onion,True,True
FS-TEAM,http://hkk62og3s2tce2gipcdxg3m27z4b62mrmml6ugctzdxs25o26q3a4mid.onion,False,True
FUNKSEC,http://pke2vht5jdeninupk7i2thcfvxegsue6oraswpka35breuj7xxz2erid.onion,True,True
FUNKSEC,http://7ixfdvqb4eaju5lzj4gg76kwlrxg4ugqpuog5oqkkmgfyn33h527oyyd.onion/,True,True
FUNKSEC,http://ykqjcrptcai76ru5u7jhvspkeizfsvpgovton4jmreawj4zdwe4qnlid.onion,False,False
GOODWILL (Dashboard),http://9855-13-235-50-147.ngrok.io,True,False
GRIEF,http://griefcameifmv4hfr3auozmovz5yi6m3h3dwbuqw7baomfxoxz4qteid.onion,False,False
GROOVE,http://ws3dh6av66sjbxxkjpw5ao3wqzmtejnkzheswm4dz5rrwvular7xvkqd.onion,False,False
HADES,http://ixltdyumdlthrtgx.onion,False,False
HANDALA,https://handala.to,True,True
HANDALA,https://handala-hack.to,True,True
HANDALA,http://vmjfieomxhnfjba57sd6jjws2ogvowjgxhhfglsikqvvrnrajbmpxqqd.onion,True,True
HARON,http://ft4zr2jzlqoyob7yg4fcpwyt37hox3ajajqnfkdvbfrkjioyunmqnpad.onion/blog.php,False,False
HELLDOWN,http://onyxcgfg4pjevvp5h34zvhaj45kbft3dg5r33j5vu3nyp7xic3vrzvad.onion,False,False
HELLDOWN,http://onyxcym4mjilrsptk5uo2dhesbwntuban55mvww2olk5ygqafhu3i3yd.onion/,False,True
HELLCAT,http://hellcakbszllztlyqbjzwcbdhfrodx55wq77kmftp4bhnhsnn5r3odad.onion,False,True
HELLCAT,http://hellcat.rw,True,True
HELLO GOOKIE,http://gookie256cvccntvenyxrvn7ht73bs6ss3oj2ocfkjt5y6vq6gfi2tad.onion,False,True
HELLO KITTY,http://3r6n77mpe737w4sbxxxrpc5phbluv6xhtdl5ujpnlvmck5tc7blq2rqd.onion,False,False
HITLER,http://hitleransomware.cf,False,False
HIVE,http://hiveleakdbtnp76ulyhi52eag6c6tyc3xw7ez7iqy6wc34gd2nekazyd.onion,False,False
HIVE (Negotiation),http://hivecust6vhekztbqgdnkks64ucehqacge3dij3gyrrpdp57zoq3ooqd.onion,False,False
HOLYGHOST,http://matmq3z3hiovia3voe2tix2x54sghc3tszj74xgdy4tqtypoycszqzqd.onion,False,False
HOTARUS,http://r6d636w47ncnaukrpvlhmtdbvbeltc6enfcuuow3jclpmyga7cz374qd.onion,False,False
HUNTERS INTERNATIONAL, https://hunters55rdxciehoqzwv7vgyv6nt37tbwax2reroyzxhou7my5ejyid.onion,False,True
HUNTERS INTERNATIONAL,https://hunters55atbdusuladzv7vzv6a423bkh6ksl2uftwrxyuarbzlfh7yd.onion,False,True
HUNTERS INTERNATIONAL (Victim Site),https://hunters33mmcwww7ek7q5ndahul6nmzmrsumfs6aenicbqon6mxfiqyd.onion,False,True
HUNTERS INTERNATIONAL,http://huntersinternational.net,False,True
HUNTERS INTERNATIONAL,huntersinternational.su,False,True
ICEFIRE,http://kf6x3mjeqljqxjznaw65jixin7dpcunfxbbakwuitizytcpzn4iy5bad.onion/board/leak_list,False,False
ICEFIRE,http://7kstc545azxeahkduxmefgwqkrrhq3mzohkzqvrv7aekob7z3iwkqvyd.onion/board/victim_list,False,False
INC RANSOM,http://incblog7vmuq7rktic73r4ha4j757m3ptym37tyvifzp2roedyyzzxid.onion/blog/leaks,False,True
INC RANSOM - new,http://incblog6qu4y4mm4zvw5nrmue6qbwtgjsxpw6b7ixzssu36tsajldoad.onion,True,True
INC RANSOM (Deep),http://incapt.su/blog/leaks,False,True
INC RANSOM (new - Deep),http://inblog.su/blog/disclosures,False,True
INDUSTRIAL SPY,http://spyarea23ttlty6qav3ecmbclpqym3p32lksanoypvrqm6j5onstsjad.onion,False,False
JUSTICE BLADE,https://justice-blade.io,True,False
INSANE,http://nv5lbsrr4rxmewzmpe25nnalowe4ga7ki6yfvit3wlpu7dfc36pyh4ad.onion/Insane.html,False,True
INTERLOCK,http://ebhmkoohccl45qesdbvrjqtyro2hmhkmh6vkyfyjjzfllm3ix72aqaid.onion,True,True
KAIROS,http://nerqnacjmdy3obvevyol7qhazkwkv57dwqvye5v46k5bcujtfa6sduad.onion/,True,True
KARAKURT (Deep),https://karakurt.tech,True,False
KARAKURT (Deep),https://karakurt.co,False,False
KARAKURT (Deep),https://karanews.live,False,False
KARAKURT (Deep),https://karaleaks.com,True,False
KARAKURT 2.0 (IP),https://209.222.98.19,False,False
KARAKURT (Dark),https://lhxxtrqraokn63f3nubhbjrzxkrgduq3qogp3yr424tkpvh3z7n4kcyd.onion,False,False
KARAKURT (chat panel),https://omx5iqrdbsoitf3q4xexrqw5r5tfw7vp3vl3li3lfo7saabxazshnead.onion,False,True
KARAKURT (Dark),https://3f7nxkjway3d223j27lyad7v5cgmyaifesycvmwq7i7cbs23lb6llryd.onion,False,True
KARMA,http://3nvzqyo6l4wkrzumzu5aod7zbosq4ipgf7ifgj3hsvbcr5vcasordvqd.onion,False,False
KELVIN SECURITY,https://vipsuscription.org,False,True
KILLSEC,http://kill432ltnkqvaqntbalnsgojqqs2wz4lhnamrqjg66tq6fuvcztilyd.onion,False,True
Kill Security 3.0,http://ks5424y3wpr5zlug5c7i6svvxweinhbdcqcfnptkfcutrncfazzgz5id.onion/,True,True
KNIGHT (ex CYCLOPS),http://knight3xppu263m7g4ag3xlit2qxpryjwueobh7vjdc3zrscqlfu3pqd.onion,False,True
LAMBDA (Victim Site),http://nn5ua7gc7jkllpoztymtfcu64yjm7znlsriq3a6v5kw7l6jvirnczyyd.onion,False,True
LA PIOVRA,http://et22fibzuzfyzgurm35sttm52qbzvdgzy5qhzy46a3gmkrrht3lec5ad.onion,False,False
LEAKED DATA,http://business-data-leaks.com,False,True
LILITH,http://yeuajcizwytgmrntijhxphs6wn5txp2prs6rpndafbsapek3zd4ubcid.onion,False,False
LOCKBIT 2.0 (Dark mirror 1),http://lockbitapt2yfbt7lchxejug47kmqvqqxvvjpqkmevv4l3azl3gy6pyd.onion,False,False
LOCKBIT 2.0 (Dark mirror 2),http://lockbitapt5x4zkjbcqmz6frdhecqqgadevyiwqxukksspnlidyvd7qd.onion,False,False
LOCKBIT 2.0 (Dark mirror 3),http://lockbitapt6vx57t3eeqjofwgcglmutr3a35nygvokja5uuccip4ykyd.onion,False,False
LOCKBIT 2.0 (Dark mirror 4),http://lockbitapt34kvrip6xojylohhxrwsvpzdffgs5z4pbbsywnzsbdguqd.onion,False,False
LOCKBIT 2.0 (Dark mirror 5),http://lockbitaptc2iq4atewz2ise62q63wfktyrl4qtwuk5qax262kgtzjqd.onion,False,False
LOCKBIT 2.0 (Dark mirror 6),http://lockbitaptq7ephv2oigdncfhtwhpqgwmqojnxqdyhprxxfpcllqdxad.onion,False,False
LOCKBIT 2.0 (Dark mirror 7),http://lockbitaptstzf3er2lz6ku3xuifafq2yh5lmiqj5ncur6rtlmkteiqd.onion,False,False
LOCKBIT 2.0 (Dark mirror 8),http://oyarbnujct53bizjguvolxou3rmuda2vr72osyexngbdkhqebwrzsnad.onion,False,False
LOCKBIT 2.0 (Dark mirror 9),http://yq43odyrmzqvyezdindg2tokgogf3pn6bcdtvgczpz5a74tdxjbtk2yd.onion,False,False
LOCKBIT 2.0 (Deep),http://www.lockbitapt.uz,False,False
LOCKBIT 3.0 (Dark mirror 1),http://lockbitapt2d73krlbewgv27tquljgxr33xbwwsp6rkyieto7u4ncead.onion,False,True
LOCKBIT 3.0 (Dark mirror 2),http://lockbitapt2yfbt7lchxejug47kmqvqqxvvjpqkmevv4l3azl3gy6pyd.onion,False,True
LOCKBIT 3.0 (Dark mirror 3),http://lockbitapt34kvrip6xojylohhxrwsvpzdffgs5z4pbbsywnzsbdguqd.onion,False,True
LOCKBIT 3.0 (Dark mirror 4),http://lockbitapt5x4zkjbcqmz6frdhecqqgadevyiwqxukksspnlidyvd7qd.onion,False,True
LOCKBIT 3.0 (Dark mirror 5),http://lockbitapt6vx57t3eeqjofwgcglmutr3a35nygvokja5uuccip4ykyd.onion,False,True
LOCKBIT 3.0 (Dark mirror 6),http://lockbitapt72iw55njgnqpymggskg5yp75ry7rirtdg4m7i42artsbqd.onion,False,True
LOCKBIT 3.0 (Dark mirror 7),http://lockbitaptawjl6udhpd323uehekiyatj6ftcxmkwe5sezs4fqgpjpid.onion,False,True
LOCKBIT 3.0 (Dark mirror 8),http://lockbitaptbdiajqtplcrigzgdjprwugkkut63nbvy2d5r4w2agyekqd.onion,False,True
LOCKBIT 3.0 (Dark mirror 9),http://lockbitaptc2iq4atewz2ise62q63wfktyrl4qtwuk5qax262kgtzjqd.onion,False,False
"LOCKBIT 3.0 (""Leaked Data"")",http://lockbit7z2jwcskxpbokpemdxmltipntwlkmidcll2qirbu7ykg46eyd.onion,True,True
"LOCKBIT 3.0 (""Leaked Data"")",http://lockbit33chewwx25efq6dgkhkw4u7nefudq4ijkuamjfd7x73on6dyd.onion,False,True
"LOCKBIT 3.0 (""File Share"")",http://lockbitfile2tcudkcqqt2ve6btssyvqwlizbpv5vz337lslmhff2uad.onion,False,True
"LOCKBIT 3.0 (""Private Note"")",http://lockbitnotexk2vnf2q2zwjefsl3hjsnk4u74vq4chxrqpjclfydk4ad.onion,False,True
"LOCKBIT 3.0 (""Private Note"")",http://lockbitsup4yezcd5enk5unncx3zcy7kw6wllyqmiyhvanjj352jayid.onion,False,True
LOCKBIT 3.0 (New Dark mirror 1),http://lockbit3753ekiocyo5epmpy6klmejchjtzddoekjlnt6mu3qh4de2id.onion,True,True
LOCKBIT 3.0 (New Dark mirror 2),http://lockbit3g3ohd3katajf6zaehxz4h4cnhmz5t735zpltywhwpc6oy3id.onion,True,True
LOCKBIT 3.0 (New Dark mirror 3),http://lockbit3olp7oetlc4tl5zydnoluphh7fvdt5oa6arcp2757r7xkutid.onion,True,True
LOCKBIT 3.0 (New Dark mirror 4),http://lockbit435xk3ki62yun7z5nhwz6jyjdp2c64j5vge536if2eny3gtid.onion,True,True
LOCKBIT 3.0 (New Dark mirror 5),http://lockbit4lahhluquhoka3t4spqym2m3dhe66d6lr337glmnlgg2nndad.onion,True,True
LOCKBIT 3.0 (New Dark mirror 6),http://lockbit6knrauo3qafoksvl742vieqbujxw7rd6ofzdtapjb4rrawqad.onion,True,True
LOCKBIT 3.0 (New Dark mirror 7),http://lockbit7ouvrsdgtojeoj5hvu6bljqtghitekwpdy3b6y62ixtsu5jqd.onion,True,True
LOCKBIT 3.0 (from June 2024),http://ofj3oaltwaf67qtd7oafk5r44upm6wkc2jurpsdyih2c7mbrbshuwayd.onion,False,True
LOCKBIT 3.0 (from July 2024),http://lockbitcuo23q7qrymbk6dsp2sadltspjvjxgcyp4elbnbr6tcnwq7qd.onion,True,True
LOCKBIT 3.0 (from July 2024),http://lockbitw2ygzasbt35ffpdb46r4vkej6flm3siyabaxzdodwpiatfgqd.onion,False,True
LOCKBIT 3.0 (chat),http://lockbit23xxhej7swdop24cru7ks2w66pw7zgdkydqo6f7wfyfqo7oqd.onion,True,True
LOCKBIT 3.0 (chat),http://lockbit7ixelt7gn3ynrs3dgqtsom6x6sd2ope4di7bu6e6exyhazeyd.onion,True,True
LOCKBIT 3.0 (chat),http://lockbitck6escin3p33v3f5uef3mr5fx335oyqon2uqoyxuraieuhiqd.onion,False,True
LOCKBIT 3.0 (chat),http://lockbitfhzimjqx2v7p2vfu57fpdm5zh2vsbfk5jkjod3k5pszbek7ad.onion,True,True
LOCKBIT 3.0 (chat),http://lockbiti7ss2wzyizvyr2x46krnezl4xjeianvupnvazhbqtz32auqqd.onion,True,True
LOCKBIT 3.0 (chat),http://lockbitkwkmhfb2zr3ngduaa6sd6munslzkbtqhn5ifmwqml4sl7znad.onion,True,True
LOCKBIT 3.0 (chat),http://lockbitqfj7mmhrfa7lznj47ogknqanskj7hyk2vistn2ju5ufrhbpyd.onion,False,True
LOCKBIT,http://lockbitkodidilol.onion,False,False
LOCKFILE (Victims request ID page),http://zqaflhty5hyziovsxgqvj2mrz5e5rs6oqxzb54zolccfnvtn5w2johad.onion,False,False
LORENZ,http://lorenzmlwpzgxq736jzseuterytjueszsvznuibanxomlpkyxk6ksoyd.onion,False,True
LOST TRUST,http://hscr6cjzhgoybibuzn2xud7u4crehuoo4ykw3swut7m7irde74hdfzyd.onion,False,True
LV (1),http://rbvuetuneohce3ouxjlbxtimyyxokb4btncxjbo44fbgxqy7tskinwad.onion,False,False
LV (2),http://4qbxi3i2oqmyzxsjg4fwe4aly3xkped52gq5orp6efpkeskvchqe27id.onion,False,False
LYNX,http://lynxblogxstgzsarfyk2pvhdv45igghb4zmthnzmsipzeoduruz3xwqd.onion,True,True
LYNX,http://lynxblogco7r37jt7p5wrmfxzqze7ghxw6rihzkqc455qluacwotciyd.onion,True,True
LYNX,http://lynxblogijy4jfoblgix2klxmkbgee4leoeuge7qt4fpfkj4zbi2sjyd.onion,True,True
LYNX,http://lynxblogmx3rbiwg3rpj4nds25hjsnrwkpxt5gaznetfikz4gz2csyad.onion,True,True
LYNX,http://lynxblogoxllth4b46cfwlop5pfj4s7dyv37yuy7qn2ftan6gd72hsad.onion,True,True
LYNX,http://lynxblogtwatfsrwj3oatpejwxk5bngqcd5f7s26iskagfu7ouaomjad.onion,True,True
LYNX,http://lynxblogxutufossaeawlij3j3uikaloll5ko6grzhkwdclrjngrfoid.onion,True,True
LYNX,http://lynxbllrfr5262yvbgtqoyq76s7mpztcqkv6tjjxgpilpma7nyoeohyd.onion/disclosures,False,False
LYNX,http://lynxblog.net/leaks,True,True
MAD LIBERATOR,http://k67ivvik3dikqi4gy4ua7xa6idijl4si7k5ad5lotbaeirfcsx4sgbid.onion,False,True
MADCAT RANSOM,http://i2gc52bwm2vu2wnohwi3cli7t7hj3y2q7qj3th2bs64h2eej7z5jcgqd.onion,False,False
MALAS,http://malas2urovbyyavjzaezkt5ohljvyd5lt7vv7mnsgbf2y4bwlh72doqd.onion,True,True
MALEKTEAM,https://malekteam.ac,False,True
MALLOX,http://wtyafjyhwqrgo4a45wdvvwhen3cx4euie73qvlhkhvlrexljoyuklaad.onion,True,True
MARKETO (Deep),https://marketo.cloud,False,False
MARKETO (Tor v2),http://g5sbltooh2okkcb2.onion,False,False
MARKETO (Tor v3),http://jvdamsif53dqjycuozlaye2s47p7xij4x6hzwzwhzrqmv36gkyzohhqd.onion,False,False
MARKETO (Tor v3),http://fvki3hj7uxuirxpeop6chgqoczanmebutznt2mkzy6waov6w456vjuid.onion,False,False
Metaencryptor,metacrptmytukkj7ajwjovdpjqzd7esg5v3sg344uzhigagpezcqlpyd.onion,False,True
MAZE,https://newsmaze.net,False,False
MBC,http://xembshruusobgbvxg4tcjs3jpdnks6xrr6nbokfxadcnlc53yxir22ad.onion,False,False
MEDUSA LOCKER (Victims page),http://qd7pcafncosqfqu3ha6fcx4h6sr7tzwagzpcdcnytiw3b6varaeqv5yd.onion,True,True
MEDUSA,http://medusaxko7jxtrojdkxo66j7ck4q5tgktf7uqsqyfry4ebnxlcbkccyd.onion,False,True
MEDUSA,http://z6wkgghtoawog5noty5nxulmmt2zs7c3yvwr22v4czbffdoly2kl4uad.onion,True,True
MEDUSA,http://xfv4jzckytb4g3ckwemcny3ihv4i5p4lqzdpi624cxisu35my5fwi5qd.onion,True,True
MEDUSA,http://dlmfciajg5s4vliyo5dhs5jyzhi2xr2fnkebul46lpf4xudtqiue4nid.onion,False,True
MEDUSA,http://kyfiw76eol6ph2mq7pi5e5tdvce37bicddhai62qhdc5ja6jdchz4qqd.onion,False,True
MEDUSA,http://s7lmmhlt3iwnwirxvgjidl6omcblvw2rg75txjfduy73kx5brlmiulad.onion,True,True
MEDUSA,http://cx5u7zxbvrfyoj6ughw76oa264ucuuizmmzypwum6ear7pct4yc723qd.onion,False,True
MEOW,http://meow6xanhzfci2gbkn3lmbqq7xjjufskkdfocqdngt3ltvzgqpsg5mid.onion,False,True
METAENCRYPTER,http://metacrptmytukkj7ajwjovdpjqzd7esg5v3sg344uzhigagpezcqlpyd.onion,False,True
MOGILEVICH,http://dkgn45pinr7nwvdaehemcrpgcjqf4fooit3c4gjw6dhzrp443ctvnoad.onion,False,True
MONEYMESSAGE,http://blogvl7tjyjvsfthobttze52w36wwiz34hrfcmorgvdzb6hikucb7aqd.onion,True,True
MONTI,http://mblogci3rudehaagbryjznltdp33ojwzkq6hn2pckvjq33rycmzczpid.onion,True,True
NO NAME SPECIFIED,http://woqjumaahi662ka26jzxyx7fznbp4kg3bsjar4b52tqkxgm2pylcjlad.onion/,False,False
MIDAS/HARON,http://midasbkic5eyfox4dhnijkzc7v7e4hpmsb2qgux7diqbpna4up4rtdad.onion/blog.php,False,False
MINDWARE,http://dfpc7yvle5kxmgg6sbcp5ytggy3oeob676bjgwcwhyr2pwcrmbvoilqd.onion,False,False
Moses Staff (Deep),http://moses-staff.se,False,True
Moses Staff (Dark),http://mosesstaffm7hptp.onion,False,False
MOUNT LOCKER,http://mountnewsokhwilx.onion,False,False
MYDATA / ALPHA LOCKER,http://mydatae2d63il5oaxxangwnid5loq2qmtsol2ozr6vtb7yfm5ypzo6id.onion/blog,False,True
MYDECRYPTOR,http://58b87e60649ccc808ac8mstiejnj.5s4ixqul2enwxrqv.onion,False,False
MOISHA,http://moishddxqnpdxpababec6exozpl2yr7idfhdldiz5525ao25bmasxhid.onion,False,False
N3TW0RM,http://n3twormruynhn3oetmxvasum2miix2jgg56xskdoyihra4wthvlgyeyd.onion,False,False
NEFILIM,http://hxt254aygrsziejn.onion,False,False
NEMTY (Deep),http://nemty.top,True,False
NEMTY,http://zjoxyw5mkacojk5ptn2iprkivg5clow72mjkyk5ttubzxprjjnwapkad.onion,False,False
NETWALKER,http://rnfdsgm6wb6j6su5txkekw4u4y47kp2eatvu7d6xhyn5cs4lt4pdrqqd.onion,False,False
NEVADA (DLS),http://nevcorps5cvivjf6i2gm4uia7cxng5ploqny2rgrinctazjlnqr2yiyd.onion,False,False
NEVADA (BACKEND),http://nevbackvzwfu5yu3gszap77bg66koadds6eln37gxdhdk4jdsbkayrid.onion,False,False
NEVADA (AFFILIATES),http://nevaffcwswjosddmw55qhn4u4secw42wlppzvf26k5onrlxjevm6avad.onion/,False,False
NightSky,http://gg5ryfgogainisskdvh4y373ap3b2mxafcibeh2lvq5x7fx76ygcosad.onion,False,False
NITROGEN,http://nitrogenczslprh3xyw6lh5xyjvmsz7ciljoqxxknd7uymkfetfhgvqd.onion,True,True
NoEscape,http://noescapemsqxvizdxyl7f7rmg5cdjwp33pg2wpmiaaibilb4btwzttad.onion,False,True
NoEscape (Victims Page),http://noescaperjh3gg6oy7rck57fiefyuzmj7kmvojxgvlmwd5pdzizrb7ad.onion,False,True
NOKOYAWA,http://lirncvjfmdhv6samxvvlohfqx7jklfxoxj7xn3fh7qeabs3taemdsdqd.onion,False,False
NOKOYAWA,http://6yofnrq7evqrtz3tzi3dkbrdovtywd35lx3iqbc5dyh367nrdh4jgfyd.onion,False,False
NOKOYAWA,http://nokoleakb76znymx443veg4n6fytx6spck6pc7nkr4dvfuygpub6jsid.onion,False,True
NONAME,http://noname2j6zkgnt7ftxsjju5tfd3s45s4i3egq5bqtl72kgum4ldc6qyd.onion,False,True
NULLBULGE,https://nullbulge.co/blog.html,True,True
ONEPERCENT,http://5mvifa3xq5m7sou3xzaajfz7h6eserp5fnkwotohns5pgbb5oxty3zad.onion,False,False
ORCA,http://orca66hwnpciepupe5626k2ib6dds6zizjwuuashz67usjps2wehz4id.onion,True,True
PANDORA,http://vbfqeh5nugm6r2u2qvghsdxm3fotf5wbxb5ltv6vw77vus5frdpuaiid.onion,False,False
PAY2KEY,http://pay2key2zkg7arp3kv3cuugdaqwuesifnbofun4j6yjdw5ry7zw2asid.onion,False,False
PAYLOAD.BIN (Ex BABUK LOCKER),http://vbmisqjshn4yblehk2vbnil53tlqklxsdaztgphcilto3vdj4geao5qd.onion,False,False
PLAY,http://k7kg3jqxang3wh7hnmaiokchk7qoebupfgoik6rha6mjpzwupwtj25yd.onion,True,True
PLAY,http://mbrlkbtq5jonaqkurjwmxftytyn2ethqvbxfu4rgjbkkknndqwae6byd.onion,True,True
PLAYBOY,http://vlofmq2u3f5amxmnblvxaghy73aedwta74fyceywr6eeguw3cn6h6uad.onion,False,True
PROLOCK,http://msaoyrayohnp32tcgwcanhjouetb5k54aekgnwg7dcvtgtecpumrxpqd.onion,False,False
PROMETHEUS,http://promethw27cbrcot.onion/blog,False,False
PRYX (deep web),http://pryx.cc,False,True
PRYX (dark web),http://c2mdhim6btaiyae3xqthnxsz64brvdxsnbty4tvos65zb565y4v55iid.onion,True,True
PYSA,http://pysa2bitc5ldeyfak4seeruqymqs4sj5wt5qkcq7aoyg4h2acqieywad.onion/partners.html,False,False
QILIN (Victims page),http://ozsxj4hwxub7gio347ac7tyqqozvfioty37skqilzo2oqfs4cw2mgtyd.onion,False,False
QILIN,http://kbsqoivihgdmwczmxkbovk7ss2dcynitwhhfu5yw725dboqo5kthfaad.onion/,True,False
QILIN,http://ijzn3sicrcy7guixkzjkib4ukbiilwc3xhnmby4mcbccnsd7j2rekvqd.onion,True,True
QIULONG,http://62brsjf2w77ihz5paods33cdgqnon54gjns5nmag3hmqv6fcwamtkmad.onion,False,True
QLOCKER,http://gvka2m4qt5fod2fltkjmdk4gxh5oxemhpgmnmtjptms6fkgfzdd62tad.onion,False,False
QUANTUM,http://quantum445bh3gzuyilxdzs5xdepf3b7lkcupswvkryf3n7hgzpxebid.onion,False,True
QUANTUM (clearnet),http://quantumleap.quest,False,False
RA GROUP,http://pa32ymaeu62yo5th5mraikgw5fcvznnsiiwti42carjliarodltmqcqd.onion,False,True
RA GROUP (Storage Server),http://hkpomcx622gnqp2qhenv4ceyrhwvld3zwogr4mnkdeudq2txf55keoad.onion,False,True
RANSOMCORTEX,http://gg6owuhu72muoelkt2msjrp2llwr2on5634sk5v2xefzmobvryywbhid.onion,False,True
RAWORLD,http://raworldw32b2qxevn3gp63pvibgixr4v75z62etlptg3u3pmajwra4ad.onion,True,True
RABBIT HOLE,http://z5jixbfejdu5wtxd2baliu6hwzgcitlspnttr7c2eopl5ccfcjrhkqid.onion,False,True
RAGNAR LOCKER,http://p6o7m73ujalhgkiv.onion,False,False
RAGNAR LOCKER,http://rgleaktxuey67yrgspmhvtnrqtgogur35lwdrup4d3igtbm3pupc4lyd.onion,True,True
RAGNAR LOCKER (Old),http://ragnarleaks.top,False,False
RAGNAROK,http://sushlnty2j7qdzy64qnvyb6ajkwg7resd3p6agc2widnawodtcedgjid.onion,False,False
RAGNAROK,http://wobpitin77vdsdiswr43duntv6eqw4rvphedutpaxycjdie6gg3binad.onion,False,False
RANCOZ,http://ze677xuzard4lx4iul2yzf5ks4gqqzoulgj5u4n5n4bbbsxjbfr7eayd.onion/,False,False
RANSOM CARTEL (1),http://u67aylig7i6l657wxmp274eoilaowhp3boljowa6bli63rxyzfzsbtyd.onion,False,False
RANSOM CARTEL (Victims page),http://cartelraqonekult2cxbzzz2ukiff7v6cav3w373uuhenybgqulxm5id.onion,False,False
RANSOMEXX,http://rnsm777cdsjrsdlbs4v5qoeppu3px6sb2igmh53jzrx7ipcrbjz5b2ad.onion,True,True
RANSOMEXX (Leaks Domain),http://zubllg7o774lgc4rdxmfcfpjewfkqa7ml7gxwl5fetogc7hbkvaprhid.onion,True,False
RANSOM HOUSE,http://xw7au5pnwtl6lozbsudkmyd32n6gnqdngitjdppybudan3x3pjgpmpid.onion,False,False
RANSOM HOUSE,http://zohlm7ahjwegcedoz7lrdrti7bvpofymcayotp744qhx6gjmxbuo2yid.onion,True,True
RANSOM HOUSE,http://zubllg7o774lgc4rdxmfcfpjewfkqa7ml7gxwl5fetogc7hbkvaprhid.onion,True,False
RANSOM HUB,http://ransomxifxwc5eteopdobynonjctkxxvap77yqifu2emfbecgbqdw6qd.onion,True,True
RANSOM HUB Archives,http://fpwwt67hm3mkt6hdavkfyqi42oo3vkaggvjj4kxdr2ivsbzyka5yr2qd.onion/,False,True
RANSOM HUB Archives,http://ransomgxjnwmu5ceqwo2jrjssxpoicolmgismfpnslaixg3pgpe5qcad.onion/,False,False
RANSOMED (Dark Web),http://k63fo4qmdnl4cbt54sso3g6s5ycw7gf7i6nvxl3wcf3u6la2mlawt5qd.onion,False,False
RANSOMED (Dark Web),http://f6amq3izzsgtna4vw24rpyhy3ofwazlgex2zqdssavevvkklmtudxjad.onion,False,True
RANSOMED (Deep Web),https://ransomed.vc,False,True
RANSOM CORP,http://sewo2yliwvgca3abz565nsnnx3khi6x7t5ccpbvvg6wgce4bk2jagiad.onion,False,False
RANZY/AKO,http://37rckgo66iydpvgpwve7b2el5q2zhjw4tv4lmyewufnpx4lhkekxkoqd.onion,False,False
REDALERT,http://blog2hkbm6gogpv2b3uytzi3bj5d5zmc4asbybumjkhuqhas355janyd.onion,False,False
REDALERT (Victims page),http://je2yizds7r4uidk6uixfxwjj5w7or2agit4aj66l4lrhdbrvr3lsymid.onion,False,False
RED RANSOMWARE GROUP,http://33zo6hifw4usofzdnz74fm2zmhd3zsknog5jboqdgblcbwrmpcqzzbid.onion,False,True
RELIC,https://relic5zqwemjnu4veilml6prgyedj6phs7de3udhicuq53z37klxm6qd.onion,False,False
REVIL (Old),http://dnpscnbaix6nkwvystl3yxglz7nteicqrou3t75tpcc5532cztc46qyd.onion,False,False
REVIL (New),http://blogxxu75w63ujqarv476otld7cyjkq4yoswzt4ijadkjwvg3vrvd5yd.onion/Blog,False,False
REVIL (Victims page),http://landxxeaf2hoyl2jvcwuazypt6imcsbmhb7kx3x33yhparvtmkatpaad.onion,False,False
RHYSIDA,http://rhysidafohrhyy2aszi7bm32tnjat5xri65fopcxkdfxhi4tidsg7cad.onion,True,True
RHYSIDA (Mirror),http://rhysidafc6lm7qa2mkiukbezh7zuth3i4wof4mh2audkymscjm6yegad.onion/,True,True
RISEN,http://o6pi3u67zyag73ligtsupin5rjkxpfrbofwoxnhimpgpfttxqu7lsuyd.onion,False,False
ROBINHOOD,https://robinhoodleaks.tumblr.com,True,False
ROOK,http://gamol6n6p2p4c3ad7gxmx3ur7wwdwlywebo2azv3vv5qlmjmole2zbyd.onion,False,False
ROYAL (Victims Page),http://royal2xthig3ou5hd7zsliqagy6yygk2cdelaxtni2fyad6dpmpxedid.onion,False,True
ROYAL,http://royal4ezp7xrbakkus3oofjw6gszrohpodmdnfbe5e4w3og5sm7vb3qd.onion,False,False
RRANSOM (Victims page),http://t2tqvp4pctcr7vxhgz5yd5x4ino5tw7jzs3whbntxirhp32djhi7q3id.onion/check_payment_form,False,False
SAFEPAY,http://nj5qix45sxnl4h4og6hcgwengg2oqloj3c2rhc6dpwiofx3jbivcs6qd.onion,False,False
SAFEPAY,http://nz4z6ruzcekriti5cjjiiylzvrmysyqwibxztk6voem4trtx7gstpjid.onion,True,False
SARCOMA,http://sarcomawmawlhov7o5mdhz4eszxxlkyaoiyiy2b5iwxnds2dmb4jakad.onion,True,True
SEKHMET,http://sekhmet.top,True,False
SENSAYQ (deep,http://159.69.60.54,False,True
SENSAYQ (dark),http://gmixcebhni6c3kcf5m7xxybomaphj7pizoqtxiqmrz5wsh6g6x5s2wqd.onion,False,True
SHADOW,http://lc65fb3wrvox6xlyn4hklwjcojau55diqxxylqs4qsfng23ftzijnxad.onion,False,True
SIEGEDSEC,http://nv5p2mmpctvyqdyyi5zwh4gnifq2uxdx4etvnmaheqlrw6ordrjwxryd.onion,False,True
SLUG,http://3ytm3d25hfzvbylkxiwyqmpvzys5of7l4pbosm7ol7czlkplgukjq6yd.onion,False,True
SNATCH (Deep),https://snatch.press,False,False
SNATCH (Deep),http://snatch.vip,False,False
SNATCH (Deep),https://snatchnews.top/,False,True
SNATCH (Deep),https://snatchteam.top/,False,True
SNATCH (Dark),http://hl66646wtlp2naoqnhattngigjp5palgqmbwixepcjyq5i534acgqyad.onion/index.php,False,True
SODINOKIBI (REVIL),http://dnpscnbaix6nkwvystl3yxglz7nteicqrou3t75tpcc5532cztc46qyd.onion,False,False
SOLIDBIT (Chat panel),http://solidb2jco63vbhx4sfimnqmwhtdjk4jbbgq7a24cmzzkfse4rduxgid.onion,False,False
SPACEBEARS,http://5butbkrljkaorg5maepuca25oma7eiwo6a2rlhvkblb4v6mf3ki2ovid.onion,True,True
SPARTA,http://zj2ex44e2b2xi43m2txk4uwi3l55aglsarre7repw7rkfwpj54j46iqd.onion,False,False
SPOOK DATA,http://spookuhvfyxzph54ikjfwf2mwmxt572krpom7reyayrmxbkizbvkpaid.onion/blog,False,False
STORMOUS,http://3slz4povugieoi3tw7sblxoowxhbzxeju427cffsst5fo2tizepwatid.onion,False,False
STORMOUS,http://h3reihqb2y7woqdary2g3bmk3apgtxuyhx4j2ftovbhe3l5svev7bdyd.onion,False,False
STORMOUS (BLOG 1),http://pdcizqzjitsgfcgqeyhuee5u6uki6zy5slzioinlhx6xjnsw25irdgqd.onion,False,True
STORMOUS (BLOG 2),http://stmxylixiz4atpmkspvhkym4xccjvpcv3v67uh3dze7xwwhtnz4faxid.onion,False,True
STORMOUS (BLOG 3),http://6sf5xa7eso3e3vk46i5tpcqhnlayczztj7zjktzaztlotyy75zs6j7qd.onion,True,True
STORMOUS (PORTALS),http://stmxylixiz4atpmkspvhkym4xccjvpcv3v67uh3dze7xwwhtnz4faxid.onion/10fes-e87d-9987f-96s-zzd6.html,False,True
STORMOUS,http://ransekgbpijp56bflufgxptwn5hej2rztx423v6sim2zrzz7xetnr2qd.onion,False,False
SUGAR (Victims page),http://chat5sqrnzqewampznybomgn4hf2m53tybkarxk4sfaktwt7oqpkcvyd.onion/gate.php?data=,False,False
SUGAR (Deep),https://sugarpanel.space/advauth_ffma,False,False
SUNCRYPT (Tor v2),http://nbzzb6sa6xuura2z.onion,False,False
SUNCRYPT (Tor v3),http://x2miyuiwpib2imjr5ykyjngdu7v6vprkkhjltrk4qafymtawey4qzwid.onion,False,False
SynACK (El_Cometa),http://xqkz2rmrqkeqf6sjbrb47jfwnqxcd4o2zvaxxzrpbh2piknms37rw2ad.onion,False,False
TEAM UNDERGROUND (Victims page),http://undgrddapc4reaunnrdrmnagvdelqfvmgycuvilgwb5uxm25sxawaoqd[.]onion/auth/login,False,True
TEAM UNDERGROUND,http://47glxkuxyayqrvugfumgsblrdagvrah7gttfscgzn56eyss5wg3uvmqd.onion,True,True
TERMITE,http://termiteuslbumdge2zmfmfcsrvmvsfe4gvyudc5j6cdnisnhtftvokid.onion,True,True
TRIGONA,http://6n5tfadusp4sarzuxntz34q4ohspiaya2mc6aw6uhlusfqfsdomavyyd.onion,False,False
TRIGONA (Access Portal),http://znuzuy4hkjacew5y2q7mo63hufhzzjtsr2bkjetxqjibk4ctfl7jghyd.onion/signin,False,True
TRIGONA,http://trigonax2zb3fw34rbaap4cqep76zofxs53zakrdgcxzq6xzt24l5lqd.onion,False,False
TRIGONA,http://krsbhaxbki6jr4zvwblvkaqzjkircj7cxf46qt3na5o5sj2hpikbupqd.onion,False,True
TRINITY,http://txtggyng5euqkyzl2knbejwpm4rlq575jn2egqldu27osbqytrj6ruyd.onion/articles,True,True
TRISEC,http://orfc3joknhrzscdbuxajypgrvlcawtuagbj7f44ugbosuvavg3dc3zid.onion,False,True
UNSAFE,http://unsafeipw6wbkzzmj7yqp7bz6j7ivzynggmwxsm6u2wwfmfqrxqrrhyd.onion,False,True
V IS VENDETTA,http://test.cuba4ikm4jakjgmkezytyawtdgr2xymvy6nvzgw5cglswg3si76icnqd.onion,False,True
VALENCIA,http://6doyqxqqj36vnedtt2zwxmngx52mgyp7brbrtwkyd75jgiolocoybgid.onion,False,True
VANIR,http://6xdpj3sb5kekvq5ulym5qqmzsv6ektjgvpmajns3qrafgxtyxrhokfqd.onion,True,True
VFOKX (1),http://vfokxcdzjbpehgit223vzdzwte47l3zcqtafj34qrr26htjo4uf3obid.onion,False,False
VFOKX (2),http://746pbrxl7acvrlhzshosye3b3udk4plurpxt2pp27pojfhkkaooqiiqd.onion,False,False
VICE SOCIETY,http://4hzyuotli6maqa4u.onion,False,False
VICE SOCIETY,http://vsociethok6sbprvevl4dlwbqrzyhxcxaqpvcqt5belwvsuxaxsutyad.onion,False,True
VICE SOCIETY,http://ecdmr42a34qovoph557zotkfvth4fsz56twvwgiylstjup4r5bpc4oad.onion,False,False
VICE SOCIETY,http://ml3mjpuhnmse4kjij7ggupenw34755y4uj7t742qf7jg5impt5ulhkid.onion,False,True
VICE SOCIETY,http://wmp2rvrkecyx72i3x7ejhyd3yr6fn5uqo7wfus7cz7qnwr6uzhcbrwad.onion,False,True
VICE SOCIETY,http://ssq4zimieeanazkzc5ld4v5hdibi2nzwzdibfh5n5w4pw5mcik76lzyd.onion,False,True
VSOP (ex ONIX),http://mrdxtxy6vqeqbmb4rvbvueh2kukb3e3mhu3wdothqn7242gztxyzycid.onion,False,False
WEREWOLVES GROUP,https://werewolves.pro/en/,True,True
WIPER LEAK (only on Discord),https://discord.com/invite/jjZQdDNnGh,True,True
X001XS,http://nalr2uqsave7y2r235am5jsfiklfjh5h4jc5nztu3rzvmhklwt5j6kid.onion,True,True
XING LOCKER,http://xingnewj6m4qytljhfwemngm7r7rogrindbq7wrfeepejgxc3bwci7qd.onion,False,False
XINOF,http://wj3b2wtj7u2bzup75tzhnso56bin6bnvsxcbwbfcuvzpc4vcixbywlid.onion,False,False
YANLUOWANG,http://jukswsxbh3jsxuddvidrjdvwuohtsy4kxg2axbppiyclomt2qciyfoad.onion,False,False
ZEON (Victims page),http://zeonrefpbompx6rwdqa5hxgtp2cxgfmoymlli3azoanisze33pp3x3yd.onion,False,False
Zero Tolerance,http://zhuobnfsddn2myfxxdqtpxk367dqnntjf3kq7mrzdgienfxjyllq4rqd.onion,False,True
